Filename,X_Model,Y_Model
Brunatest_UpperJawScan_0,757.1404418945312,379.2528381347656
Brunatest_UpperJawScan_1,758.3999633789062,379.08050537109375
