Filename,X_Model,Y_Model
Brunatest LowerJawScan_0,811.7706909179688,428.2975158691406
Brunatest LowerJawScan_1,812.2173461914062,428.3991394042969
Brunatest_UpperJawScan_0,763.1204223632812,377.66143798828125
Brunatest_UpperJawScan_1,763.129150390625,378.6717224121094
