Filename,X_Model,Y_Model
DEBDX44O_lower_left,822.4874877929688,507.65155029296875
DEBDX44O_lower_right,826.2944946289062,513.9199829101562
DEBDX44O_upper_left,849.2799682617188,362.53936767578125
DEBDX44O_upper_right,859.2413940429688,380.6148681640625
